Word,Joint_Prob,Posterior_Prob,Frequency
quicksand,4.374999999999999,0.8749999999999998,5
heney,4.1666666666666705,0.833333333333334,5
natoma,3.7777777777777777,0.9444444444444444,4
—on,3.7499999999999987,0.6249999999999998,6
mit,3.666666666666665,0.6111111111111108,6
.,3.596472508159679,0.5137817868799541,7
sudan,3.4999999999999996,0.5833333333333333,6
harley-davidson,3.499999999999999,0.8749999999999998,4
cascadia,3.333333333333336,0.833333333333334,4
haiku,3.333333333333336,0.833333333333334,4
dunham,3.333333333333336,0.833333333333334,4
din,3.2692307692307714,0.6538461538461543,5
cox,3.2142857142857144,0.6428571428571429,5
stephen,3.152173913043477,0.6304347826086955,5
job,3.0205724508050076,0.6041144901610015,5
bearden,3.0,0.75,4
piazza,3.0,0.75,4
sloan,3.0,0.75,4
keisa,3.0,0.75,4
jendayi,3.0,0.75,4
—-,2.8750000000000027,0.9583333333333341,3
libya,2.7371134020618557,0.9123711340206186,3
junker,2.7000000000000006,0.9000000000000002,3
duf,2.7000000000000006,0.9000000000000002,3
baron,2.624999999999999,0.8749999999999998,3
a.j,2.624999999999999,0.8749999999999998,3
brandon,2.624999999999999,0.8749999999999998,3
motherless,2.500000000000002,0.833333333333334,3
lex,2.500000000000002,0.833333333333334,3
popcorn,2.5,0.5,5
i.w.w,2.5,0.5,5
manni,2.5,0.5,5
good-sound,2.5,0.5,5
babylon,2.5,0.5,5
nomine,2.5,0.5,5
neonat,2.5,0.5,5
cabbi,2.5,0.5,5
nicodemu,2.5,0.5,5
7e7e,2.5,0.5,5
mop,2.5,0.5,5
blakley,2.5,0.5,5
term,2.4781341107871713,0.6195335276967928,4
b'nai,2.333333333333333,0.5833333333333333,4
b-2,2.3181818181818192,0.772727272727273,3
bart,2.3181818181818192,0.772727272727273,3
caitlyn,2.25,0.75,3
keta,2.25,0.75,3
isra,2.25,0.75,3
rut,2.25,0.75,3
orion,2.25,0.75,3
arco,2.25,0.75,3
sandinista,2.25,0.75,3
rieman,2.25,0.75,3
misaka,2.25,0.75,3
ganci,2.25,0.75,3
mini-capitalist,2.25,0.75,3
safia,2.25,0.75,3
summa,2.25,0.75,3
glenna,2.25,0.75,3
paygo,2.25,0.75,3
stratcom,2.25,0.75,3
done,2.1199850018747655,0.5299962504686914,4
aloha,2.099999999999998,0.6999999999999993,3
lauren,2.099999999999998,0.6999999999999993,3
—that,2.099999999999998,0.6999999999999993,3
uniform,2.08479020979021,0.69493006993007,3
sealtest,2.0833333333333353,0.416666666666667,5
duncan,2.0555555555555554,0.6851851851851851,3
right,2.0332922318125766,0.5083230579531441,4
privi,2.0,0.5,4
environ,2.0,0.5,4
le'ron,2.0,0.5,4
conduit,2.0,0.5,4
deduc,2.0,0.5,4
that,2.0,0.5,4
congreg,2.0,0.5,4
mayb,2.0,0.5,4
slummi,2.0,0.5,4
seedl,2.0,0.5,4
leven,2.0,0.5,4
nag,2.0,0.5,4
realiti,2.0,0.5,4
aliv,2.0,0.5,4
the,2.0,0.5,4
are,2.0,0.5,4
sam,1.9833333333333336,0.6611111111111112,3
budget,1.9751184834123228,0.4937796208530807,4
tail,1.9687499999999993,0.6562499999999998,3
sweeney,1.961538461538463,0.6538461538461543,3
marsha,1.9374999999999998,0.6458333333333333,3
sotomayor,1.9333333333333327,0.9666666666666663,2
veteran,1.9225352112676044,0.6408450704225348,3
four,1.9178856382978724,0.6392952127659575,3
shout,1.9166666666666683,0.4791666666666671,4
shall,1.9133771929824552,0.38267543859649106,5
go,1.9108935128518967,0.47772337821297417,4
priscilla,1.9000000000000004,0.9500000000000002,2
up-or-down,1.8906250000000002,0.9453125000000001,2
chrysler,1.8888888888888888,0.4722222222222222,4
lanier,1.8888888888888888,0.9444444444444444,2
hype,1.8749999999999993,0.6249999999999998,3
vita,1.8749999999999993,0.6249999999999998,3
shane,1.8749999999999993,0.6249999999999998,3
agoa,1.8749999999999991,0.9374999999999996,2
byron,1.8749999999999991,0.9374999999999996,2
branch,1.865546218487395,0.46638655462184875,4
react,1.859999999999999,0.6199999999999997,3
diaz-balart,1.8571428571428583,0.9285714285714292,2
metzenbaum,1.8571428571428583,0.9285714285714292,2
wyatt,1.8571428571428583,0.4642857142857146,4
captain,1.8409090909090917,0.6136363636363639,3
tramp,1.8333333333333326,0.6111111111111108,3
ultimatum,1.8333333333333324,0.9166666666666662,2
nystul,1.8333333333333324,0.9166666666666662,2
bendiga,1.8333333333333324,0.9166666666666662,2
mccormick,1.8333333333333324,0.9166666666666662,2
nunn,1.8333333333333324,0.4583333333333331,4
abm,1.8333333333333324,0.9166666666666662,2
demint,1.8333333333333324,0.9166666666666662,2
aft,1.8333333333333324,0.9166666666666662,2
fletcher,1.8124999999999987,0.9062499999999993,2
deduct,1.8076923076923075,0.9038461538461537,2
vito,1.8000000000000005,0.9000000000000002,2
m.c,1.8000000000000005,0.9000000000000002,2
sheryl,1.8000000000000005,0.9000000000000002,2
eyesight,1.8000000000000005,0.9000000000000002,2
r.a.,1.8000000000000005,0.9000000000000002,2
carmela,1.8000000000000005,0.9000000000000002,2
swann,1.8000000000000005,0.9000000000000002,2
ramstein,1.8000000000000005,0.9000000000000002,2
lgbt,1.8000000000000005,0.9000000000000002,2
arcadia,1.8000000000000005,0.9000000000000002,2
pasada,1.8000000000000005,0.9000000000000002,2
peoria,1.8000000000000005,0.9000000000000002,2
volcano,1.8000000000000005,0.9000000000000002,2
liebknecht,1.8000000000000005,0.9000000000000002,2
degioia,1.8000000000000005,0.9000000000000002,2
interpret,1.7868852459016396,0.8934426229508198,2
no.1,1.7727272727272745,0.5909090909090915,3
shelley,1.76923076923077,0.884615384615385,2
spend,1.7658610271903319,0.5886203423967773,3
mick,1.7499999999999998,0.5833333333333333,3
bridgeport,1.7499999999999996,0.8749999999999998,2
vidor,1.7499999999999996,0.8749999999999998,2
ciro,1.7499999999999996,0.8749999999999998,2
america.,1.7499999999999996,0.8749999999999998,2
prokop,1.7499999999999996,0.8749999999999998,2
medford,1.7499999999999996,0.8749999999999998,2
kuhl,1.7499999999999996,0.8749999999999998,2
cafta,1.7499999999999996,0.8749999999999998,2
loot,1.7499999999999996,0.8749999999999998,2
coward,1.7499999999999996,0.4374999999999999,4
chula,1.7499999999999996,0.8749999999999998,2
jaci,1.7499999999999996,0.8749999999999998,2
robyn,1.7499999999999996,0.8749999999999998,2
altar,1.7307692307692317,0.5769230769230772,3
successor,1.7083333333333335,0.5694444444444445,3
kate,1.7058823529411755,0.8529411764705878,2
freedom,1.702513966480447,0.5675046554934823,3
hid,1.6874999999999996,0.5624999999999999,3
selma,1.6818181818181823,0.5606060606060608,3
autocrat,1.666666666666668,0.833333333333334,2
beida,1.666666666666668,0.833333333333334,2
posner,1.666666666666668,0.833333333333334,2
aneeisha,1.666666666666668,0.833333333333334,2
holloway,1.666666666666668,0.833333333333334,2
magnolia,1.666666666666668,0.833333333333334,2
metcalf,1.666666666666668,0.833333333333334,2
clone,1.666666666666668,0.833333333333334,2
gioia,1.666666666666668,0.833333333333334,2
muy,1.666666666666668,0.833333333333334,2
conscript,1.666666666666668,0.833333333333334,2
bergen,1.666666666666668,0.833333333333334,2
hornet,1.666666666666668,0.833333333333334,2
cant,1.666666666666668,0.833333333333334,2
shania,1.666666666666668,0.833333333333334,2
sarbanes-oxley,1.666666666666668,0.833333333333334,2
hablar,1.666666666666668,0.833333333333334,2
3-day,1.666666666666668,0.833333333333334,2
gabriel,1.666666666666668,0.833333333333334,2
air-to-ground,1.666666666666668,0.833333333333334,2
bagley,1.666666666666668,0.833333333333334,2
disclaim,1.666666666666668,0.833333333333334,2
christina,1.666666666666668,0.833333333333334,2
rumour,1.666666666666668,0.833333333333334,2
finnegan,1.666666666666668,0.833333333333334,2
1910,1.666666666666668,0.833333333333334,2
lockhart,1.666666666666668,0.833333333333334,2
aka,1.666666666666668,0.833333333333334,2
denton,1.666666666666668,0.833333333333334,2
ape,1.666666666666668,0.833333333333334,2
no.10,1.666666666666668,0.833333333333334,2
meltzer,1.666666666666668,0.833333333333334,2
brith,1.666666666666668,0.416666666666667,4
downey,1.666666666666668,0.833333333333334,2
ni,1.666666666666668,0.833333333333334,2
65-year-old,1.666666666666668,0.833333333333334,2
holum,1.666666666666668,0.833333333333334,2
£7¾,1.666666666666668,0.833333333333334,2
why…,1.666666666666668,0.833333333333334,2
hecht,1.666666666666668,0.833333333333334,2
uconn,1.666666666666668,0.833333333333334,2
derek,1.666666666666668,0.833333333333334,2
roper,1.666666666666668,0.833333333333334,2
voodoo,1.666666666666668,0.833333333333334,2
grill,1.666666666666668,0.833333333333334,2
rue,1.666666666666668,0.833333333333334,2
webber,1.666666666666668,0.833333333333334,2
e.o,1.666666666666668,0.833333333333334,2
beamer,1.666666666666668,0.833333333333334,2
americasupportsyou.mil,1.666666666666668,0.833333333333334,2
corella,1.666666666666668,0.833333333333334,2
allard,1.666666666666666,0.833333333333333,2
depot,1.666666666666666,0.833333333333333,2
nevada,1.666666666666666,0.833333333333333,2
1949,1.657894736842105,0.5526315789473684,3
4,1.6398305084745766,0.40995762711864414,4
kay,1.6333333333333335,0.5444444444444445,3
anti-american,1.6250000000000027,0.5416666666666675,3
lend,1.6250000000000004,0.4062500000000001,4
italian,1.6249999999999987,0.5416666666666662,3
nose,1.6071428571428568,0.5357142857142856,3
pig,1.583333333333333,0.7916666666666665,2
circuit,1.577777777777778,0.788888888888889,2
munoz,1.571428571428571,0.7857142857142855,2
xavier,1.571428571428571,0.7857142857142855,2
fitzpatrick,1.571428571428571,0.7857142857142855,2
hyatt,1.571428571428571,0.7857142857142855,2
aipac,1.5625000000000007,0.7812500000000003,2
rnc,1.545454545454546,0.772727272727273,2
6.6,1.545454545454546,0.772727272727273,2
twin,1.5217391304347823,0.7608695652173911,2
intent,1.520833333333334,0.760416666666667,2
700,1.51829268292683,0.50609756097561,3
elmer,1.500000000000002,0.25000000000000033,6
gunnison,1.5,0.75,2
1112,1.5,0.75,2
know.,1.5,0.75,2
356,1.5,0.5,3
jeter,1.5,0.75,2
kerri,1.5,0.75,2
grappl,1.5,0.5,3
begich,1.5,0.75,2
watered-down,1.5,0.75,2
blah,1.5,0.5,3
presid,1.5,0.5,3
unforc,1.5,0.5,3
middlesex,1.5,0.75,2
aunti,1.5,0.5,3
pugh,1.5,0.75,2
dikemb,1.5,0.5,3
cei,1.5,0.75,2
norristown,1.5,0.75,2
pooler,1.5,0.75,2
holiefield,1.5,0.75,2
frear,1.5,0.75,2
tammi,1.5,0.5,3
yosemit,1.5,0.5,3
hemingway,1.5,0.5,3
hercul,1.5,0.5,3
chabad,1.5,0.75,2
patman,1.5,0.75,2
homophob,1.5,0.5,3
zawahiri,1.5,0.75,2
eh.,1.5,0.75,2
luca,1.5,0.5,3
witwer,1.5,0.75,2
vers,1.5,0.5,3
gagnon,1.5,0.75,2
eduardo,1.5,0.75,2
nightlight,1.5,0.75,2
volunt,1.5,0.5,3
satterle,1.5,0.5,3
villalobo,1.5,0.5,3
ant,1.5,0.375,4
schlossberg,1.5,0.75,2
mose,1.5,0.5,3
newland,1.5,0.75,2
meyer,1.5,0.75,2
reappreci,1.5,0.5,3
heg,1.5,0.75,2
gian-carlo,1.5,0.75,2
preconcept,1.5,0.5,3
schusterman,1.5,0.75,2
softbal,1.5,0.5,3
elsa,1.5,0.75,2
repairman,1.5,0.75,2
grow,1.5,0.5,3
ozon,1.5,0.5,3
mehta,1.5,0.75,2
alana,1.5,0.75,2
cindi,1.5,0.5,3
bp,1.5,0.75,2
pierr,1.5,0.5,3
and,1.5,0.5,3
cristina,1.5,0.75,2
pre-teen,1.5,0.75,2
plutocraci,1.5,0.5,3
fifty-fifth,1.5,0.75,2
mccracken,1.5,0.75,2
coverag,1.5,0.5,3
philosoph,1.5,0.5,3
ved,1.5,0.75,2
aigner-clark,1.5,0.75,2
hairdress,1.5,0.5,3
foss,1.5,0.75,2
reclam,1.5,0.5,3
3-0.,1.5,0.75,2
luci,1.5,0.75,2
jeann,1.5,0.5,3
romantic,1.5,0.5,3
defenc,1.5,0.5,3
no-on,1.5,0.5,3
shakle,1.5,0.5,3
textil,1.5,0.5,3
—no,1.5,0.75,2
flo-jo,1.5,0.75,2
we,1.5,0.5,3
kramer,1.5,0.75,2
traumat,1.5,0.5,3
wiesenth,1.5,0.5,3
recycl,1.5,0.5,3
dorito,1.5,0.5,3
m-pact,1.5,0.75,2
yeagley,1.5,0.75,2
armistic,1.5,0.5,3
negrotti,1.5,0.75,2
braveheart,1.5,0.5,3
plaska,1.5,0.5,3
chapultepec,1.5,0.75,2
reagan,1.5,0.5,3
moistur,1.5,0.5,3
201st,1.5,0.75,2
cooki,1.5,0.5,3
latina,1.5,0.5,3
exxon-mobil,1.5,0.5,3
bohnett,1.5,0.75,2
garff,1.5,0.75,2
punch.,1.5,0.75,2
board-certifi,1.5,0.5,3
hrc,1.5,0.75,2
farthest-out,1.5,0.75,2
atterburi,1.5,0.5,3
alma,1.5,0.75,2
clapp,1.5,0.75,2
uighur,1.5,0.75,2
xie,1.5,0.75,2
/,1.5,0.5,3
smolik,1.5,0.5,3
nam,1.5,0.75,2
louie,1.5,0.75,2
abdullah,1.5,0.75,2
oppos,1.5,0.5,3
alyc,1.5,0.5,3
x-ray,1.5,0.75,2
belafont,1.5,0.5,3
gershwin,1.5,0.75,2
75-year,1.5,0.75,2
misalloc,1.5,0.5,3
cbc,1.5,0.75,2
munir,1.5,0.75,2
17-and-a-half,1.5,0.75,2
cockpit,1.5,0.75,2
mum,1.5,0.5,3
single-pay,1.5,0.5,3
kastenmei,1.5,0.5,3
plantiff,1.5,0.75,2
ibadan,1.5,0.75,2
murilo,1.5,0.75,2
que,1.5,0.75,2
bloodworth,1.5,0.75,2
bayonet,1.5,0.5,3
arithmet,1.5,0.5,3
columba,1.5,0.5,3
148th,1.5,0.75,2
concess,1.5,0.5,3
1928.,1.5,0.75,2
hyogo,1.5,0.5,3
masaryk,1.5,0.75,2
provok,1.5,0.5,3
neonaticid,1.5,0.5,3
1714,1.5,0.75,2
discretionari,1.5,0.5,3
brent,1.5,0.75,2
hard-cor,1.5,0.5,3
constanc,1.5,0.5,3
not-so-junior,1.5,0.75,2
voy,1.5,0.75,2
deloss,1.5,0.75,2
pennsylvanian,1.5,0.75,2
blocher,1.5,0.75,2
zubin,1.5,0.75,2
gian,1.5,0.75,2
hbcu,1.5,0.75,2
boscowen,1.5,0.75,2
dicken,1.5,0.5,3
meu,1.5,0.75,2
is,1.5,0.5,3
zumwalt,1.5,0.75,2
when,1.5,0.5,3
mammovan,1.5,0.75,2
nobler,1.5,0.375,4
buss,1.5,0.75,2
singler,1.5,0.75,2
kinslow,1.5,0.75,2
great-great-great,1.5,0.75,2
maestro,1.5,0.75,2
yoshiko,1.5,0.75,2
erich,1.5,0.75,2
3504,1.5,0.75,2
sherri,1.5,0.5,3
closur,1.5,0.5,3
ahmard,1.5,0.75,2
glacier,1.5,0.5,3
nan,1.5,0.75,2
anson,1.5,0.75,2
mareno,1.5,0.75,2
sophomor,1.5,0.5,3
headgear,1.5,0.75,2
jessup,1.5,0.75,2
co-pilot,1.5,0.5,3
my,1.5,0.5,3
breirah,1.5,0.75,2
overdraft,1.5,0.75,2
tippyto,1.5,0.5,3
fem,1.5,0.75,2
reggi,1.5,0.5,3
holton,1.5,0.75,2
round,1.4902597402597408,0.7451298701298704,2
soccer,1.4827586206896546,0.7413793103448273,2
--,1.4812918060200666,0.4937639353400222,3
wofford,1.4800000000000006,0.7400000000000003,2
fighter,1.475,0.7375,2
jane,1.4615384615384626,0.7307692307692313,2
buckley,1.444444444444445,0.7222222222222225,2
shop,1.431818181818182,0.4772727272727274,3
vietnam,1.426829268292683,0.35670731707317077,4
safer,1.4266144814090014,0.7133072407045007,2
handgun,1.4242424242424236,0.7121212121212118,2
teresa,1.4230769230769238,0.7115384615384619,2
gaza,1.4210526315789473,0.7105263157894737,2
julia,1.4166666666666665,0.7083333333333333,2
egg,1.4090909090909096,0.7045454545454548,2
gerlach,1.4000000000000001,0.7000000000000001,2
obstruct,1.3999999999999986,0.6999999999999993,2
magna,1.3999999999999986,0.6999999999999993,2
quaker,1.3999999999999986,0.6999999999999993,2
woo,1.3999999999999986,0.6999999999999993,2
marin,1.3999999999999986,0.6999999999999993,2
egan,1.3999999999999986,0.6999999999999993,2
mooney,1.3999999999999986,0.6999999999999993,2
coakley,1.3999999999999986,0.6999999999999993,2
smu,1.3999999999999986,0.6999999999999993,2
jeffersonian,1.3999999999999986,0.6999999999999993,2
000.,1.3970588235294112,0.6985294117647056,2
elect,1.3952095808383231,0.6976047904191616,2
forest,1.3928571428571435,0.34821428571428586,4
pena,1.3888888888888897,0.6944444444444449,2
poll,1.388888888888888,0.4629629629629627,3
lumber,1.3749999999999993,0.4583333333333331,3
toe,1.3749999999999991,0.6874999999999996,2
sergeant,1.3738317757009342,0.6869158878504671,2
public,1.3731393775372127,0.45771312584573753,3
rooney,1.3636363636363638,0.6818181818181819,2
mislead,1.3636363636363638,0.6818181818181819,2
ernest,1.3571428571428572,0.6785714285714286,2
jumpstart,1.3529411764705879,0.6764705882352939,2
wear,1.3461538461538465,0.6730769230769232,2
project,1.345041322314049,0.4483471074380163,3
va,1.3421052631578947,0.6710526315789473,2
govern,1.338709677419354,0.4462365591397847,3
quota,1.3235294117647056,0.44117647058823517,3
nato,1.3235294117647056,0.44117647058823517,3
mitch,1.3200000000000003,0.6600000000000001,2
uaw,1.318181818181818,0.659090909090909,2
crucial,1.313084112149532,0.656542056074766,2
poster,1.3124999999999996,0.4374999999999999,3
dublin,1.3076923076923086,0.6538461538461543,2
women,1.307394668959587,0.6536973344797935,2
heather,1.305555555555556,0.652777777777778,2
mel,1.2950819672131153,0.6475409836065577,2
dakota,1.2934782608695652,0.6467391304347826,2
lamb,1.2857142857142874,0.21428571428571458,6
havel,1.2857142857142858,0.6428571428571429,2
extinguish,1.2857142857142858,0.6428571428571429,2
v,1.2857142857142858,0.6428571428571429,2
close,1.28041825095057,0.42680608365018996,3
carl,1.2702702702702695,0.6351351351351348,2
hybrid,1.266666666666667,0.6333333333333335,2
ronald,1.260869565217391,0.6304347826086955,2
robert,1.258474576271186,0.4194915254237287,3
'82,1.250000000000001,0.416666666666667,3
sulphur,1.2499999999999996,0.6249999999999998,2
gator,1.2499999999999996,0.6249999999999998,2
amana,1.2499999999999996,0.6249999999999998,2
sittin,1.2499999999999996,0.6249999999999998,2
chairperson,1.2499999999999996,0.6249999999999998,2
henley,1.2499999999999996,0.6249999999999998,2
bronco,1.2499999999999996,0.6249999999999998,2
burgess,1.2499999999999996,0.6249999999999998,2
kuralt,1.2499999999999996,0.6249999999999998,2
abideth,1.2499999999999996,0.6249999999999998,2
comic,1.2499999999999996,0.6249999999999998,2
eec,1.2499999999999996,0.6249999999999998,2
norad,1.2499999999999996,0.6249999999999998,2
gotcha,1.2499999999999996,0.6249999999999998,2
amateur,1.2499999999999996,0.6249999999999998,2
schenk,1.2499999999999996,0.6249999999999998,2
£24,1.2499999999999996,0.6249999999999998,2
gaylord,1.2499999999999996,0.6249999999999998,2
lyndsey,1.249999999999997,0.2499999999999994,5
join,1.2479674796747962,0.6239837398373981,2
?,1.2414675767918086,0.41382252559726956,3
attorney,1.2404580152671751,0.6202290076335876,2
co-chairman,1.235294117647057,0.6176470588235285,2
repaid,1.235294117647057,0.6176470588235285,2
mercer,1.235294117647057,0.6176470588235285,2
men,1.2315685304304802,0.6157842652152401,2
auto,1.229885057471265,0.6149425287356325,2
naral,1.2272727272727264,0.4090909090909088,3
carla,1.2222222222222217,0.6111111111111108,2
blare,1.2222222222222217,0.6111111111111108,2
riot,1.2187500000000004,0.4062500000000001,3
solemn,1.2166666666666661,0.6083333333333331,2
forward,1.212765957446808,0.606382978723404,2
rather,1.2115384615384621,0.4038461538461541,3
governor,1.2097855227882042,0.6048927613941021,2
cleaner,1.2083333333333324,0.6041666666666662,2
holiday,1.2073170731707323,0.4024390243902441,3
rule,1.2053571428571423,0.40178571428571414,3
congress,1.2040253653156876,0.6020126826578438,2
florida,1.200514138817481,0.6002570694087405,2
wharton,1.2000000000000004,0.3000000000000001,4
harkin,1.1976744186046513,0.5988372093023256,2
iron,1.1973684210526319,0.5986842105263159,2
pryor,1.1923076923076932,0.5961538461538466,2
bob,1.1911764705882353,0.5955882352941176,2
asset,1.1857142857142855,0.5928571428571427,2
mullen,1.181818181818183,0.5909090909090915,2
jericho,1.1785714285714282,0.39285714285714274,3
mongolian,1.1785714285714282,0.39285714285714274,3
fan,1.1785714285714282,0.5892857142857141,2
cuba,1.177514792899408,0.588757396449704,2
richard,1.1769230769230765,0.5884615384615383,2
portman,1.1666666666666665,0.5833333333333333,2
alberto,1.1666666666666665,0.5833333333333333,2
ski,1.1666666666666665,0.5833333333333333,2
drier,1.1666666666666665,0.5833333333333333,2
mission,1.1639610389610384,0.5819805194805192,2
4th,1.1625,0.58125,2
hawaii,1.1607142857142858,0.5803571428571429,2
campaign,1.1594114040465973,0.5797057020232986,2
cheryl,1.1538461538461544,0.5769230769230772,2
judd,1.1538461538461544,0.5769230769230772,2
unsold,1.1538461538461544,0.5769230769230772,2
twenty-two,1.1538461538461544,0.5769230769230772,2
prison,1.1507936507936498,0.5753968253968249,2
want,1.1500338676902235,0.5750169338451118,2
mall,1.15,0.575,2
two-year,1.15,0.575,2
federal,1.1446714522363335,0.5723357261181667,2
pete,1.1399999999999992,0.5699999999999996,2
regardless,1.1394230769230773,0.5697115384615387,2
aircraft,1.1379310344827587,0.5689655172413793,2
game,1.1367187499999993,0.3789062499999998,3
photo,1.136363636363636,0.568181818181818,2
naval,1.1355932203389831,0.5677966101694916,2
next,1.1280809859154932,0.5640404929577466,2
voter,1.1274509803921562,0.5637254901960781,2
feudal,1.125,0.375,3
westland,1.125,0.375,3
luke,1.1249999999999998,0.5624999999999999,2
regina,1.1249999999999998,0.5624999999999999,2
irvin,1.1249999999999998,0.5624999999999999,2
401k,1.1249999999999998,0.5624999999999999,2
ditch,1.1212121212121215,0.5606060606060608,2
bear,1.117391304347827,0.5586956521739135,2
award,1.1161290322580646,0.5580645161290323,2
person,1.1159305993690851,0.5579652996845426,2
judgement,1.1153846153846154,0.5576923076923077,2
easier,1.112903225806452,0.556451612903226,2
dealt,1.1119999999999994,0.5559999999999997,2
give,1.1090578612541655,0.5545289306270828,2
parent,1.1040462427745665,0.5520231213872833,2
99,1.1025641025641022,0.5512820512820511,2
code,1.100358422939068,0.550179211469534,2
sox,1.0999999999999999,0.5499999999999999,2
botswana,1.0999999999999999,0.5499999999999999,2
plo,1.0999999999999999,0.5499999999999999,2
amend,1.0999999999999985,0.3666666666666662,3
equal,1.0949367088607593,0.5474683544303797,2
partner,1.0925925925925923,0.5462962962962962,2
valley,1.0887096774193543,0.5443548387096772,2
jean,1.0869565217391302,0.5434782608695651,2
hank,1.083333333333335,0.5416666666666675,2
floyd,1.083333333333335,0.5416666666666675,2
ruler,1.083333333333335,0.5416666666666675,2
health,1.0797766254487435,0.5398883127243718,2
rate,1.079668049792531,0.5398340248962655,2
cost,1.0791666666666666,0.5395833333333333,2
teach,1.0756013745704471,0.5378006872852236,2
care,1.0750718390804603,0.5375359195402302,2
latino,1.0750000000000004,0.5375000000000002,2
across,1.0707547169811318,0.5353773584905659,2
ideal,1.0677966101694916,0.5338983050847458,2
hint,1.0645161290322576,0.5322580645161288,2
j.,1.0624999999999998,0.5312499999999999,2
king,1.060975609756098,0.353658536585366,3
neither,1.0604395604395611,0.5302197802197806,2
clever,1.0588235294117634,0.26470588235294085,4
knew,1.058659217877095,0.35288640595903165,3
ahead,1.0582726326742973,0.5291363163371486,2
school-to-work,1.0555555555555556,0.5277777777777778,2
marc,1.0454545454545456,0.5227272727272728,2
congo,1.0408163265306125,0.5204081632653063,2
poorest,1.0360360360360357,0.5180180180180178,2
$,1.0358945597307907,0.5179472798653953,2
principi,1.0357142857142851,0.5178571428571426,2
act,1.0341812400635935,0.5170906200317967,2
year,1.0334285714285711,0.5167142857142856,2
detroit,1.0326086956521738,0.5163043478260869,2
time,1.0320197044334978,0.5160098522167489,2
civilian,1.0312499999999993,0.5156249999999997,2
clark,1.028985507246377,0.5144927536231885,2
player,1.0250000000000006,0.5125000000000003,2
held,1.021951219512195,0.5109756097560975,2
progress,1.0168439716312057,0.5084219858156028,2
punish,1.0142857142857145,0.5071428571428572,2
british,1.0027173913043472,0.33423913043478237,3
apec,1.0000000000000013,0.25000000000000033,4
imper,1.0,0.5,2
elli,1.0,0.5,2
compens,1.0,0.5,2
shami,1.0,0.5,2
buntzi,1.0,0.5,2
noncombat,1.0,0.5,2
manhour,1.0,0.5,2
delv,1.0,0.5,2
penitentiari,1.0,0.5,2
hurrican,1.0,0.5,2
spitbal,1.0,0.5,2
eight-gam,1.0,0.5,2
scorbi,1.0,0.5,2
madrassah,1.0,0.5,2
/audience-memb,1.0,0.5,2
anti-immigr,1.0,0.5,2
you/protect,1.0,0.5,2
300-kilomet,1.0,0.5,2
nyerer,1.0,0.5,2
kati,1.0,0.5,2
'x,1.0,0.5,2
untap,1.0,0.5,2
halv,1.0,0.5,2
omit,1.0,0.5,2
what,1.0,0.5,2
charl,1.0,0.5,2
carta,1.0,0.5,2
zogbi,1.0,0.5,2
neuberg,1.0,0.5,2
countri,1.0,0.5,2
masteri,1.0,0.5,2
circu,1.0,0.5,2
accid,1.0,0.5,2
state-control,1.0,0.5,2
autom,1.0,0.5,2
tomlin,1.0,0.5,2
straddl,1.0,0.5,2
expans,1.0,0.5,2
lighthous,1.0,0.5,2
weve,1.0,0.5,2
deathb,1.0,0.5,2
juarez,1.0,0.5,2
sidl,1.0,0.5,2
biotechnolog,1.0,0.5,2
creat,1.0,0.5,2
burl,1.0,0.5,2
dioxid,1.0,0.5,2
ambul,1.0,0.5,2
our,1.0,0.5,2
sonni,1.0,0.5,2
brandei,1.0,0.5,2
ossin,1.0,0.5,2
chieftain,1.0,0.5,2
agil,1.0,0.5,2
inscript,1.0,0.5,2
plattsburg,1.0,0.5,2
such,1.0,0.5,2
ami,1.0,0.5,2
96,1.0,0.5,2
be,1.0,0.5,2
huntsman,1.0,0.5,2
debeer,1.0,0.5,2
unsustain,1.0,0.5,2
riverdal,1.0,0.5,2
makerer,1.0,0.5,2
mccurri,1.0,0.5,2
roadrunn,1.0,0.5,2
caregiv,1.0,0.5,2
rickey,1.0,0.5,2
bugl,1.0,0.5,2
cha-ch,1.0,0.5,2
psycho-babbl,1.0,0.5,2
everglad,1.0,0.5,2
caldwel,1.0,0.5,2
agricultur,1.0,0.5,2
crossfir,1.0,0.5,2
been,1.0,0.5,2
brad,1.0,0.5,2
7e,1.0,0.5,2
sublimin,1.0,0.5,2
materi,1.0,0.5,2
moriarti,1.0,0.5,2
powel,1.0,0.5,2
hispano,1.0,0.5,2
agu,1.0,0.5,2
hermlan,1.0,0.5,2
inessenti,1.0,0.5,2
lower-incom,1.0,0.5,2
minc,1.0,0.5,2
botan,1.0,0.5,2
breadbasket,1.0,0.5,2
katharin,1.0,0.5,2
filibust,1.0,0.5,2
manipul,1.0,0.5,2
reminisc,1.0,0.5,2
reinvolv,1.0,0.5,2
doubl,1.0,0.5,2
beggar,1.0,0.5,2
smather,1.0,0.5,2
disra,1.0,0.5,2
pottsvil,1.0,0.5,2
nikolai,1.0,0.5,2
dinar,1.0,0.5,2
johnsburi,1.0,0.5,2
potti,1.0,0.5,2
lightli,1.0,0.5,2
chatham,1.0,0.5,2
niki,1.0,0.5,2
ranchest,1.0,0.5,2
shipbuild,1.0,0.5,2
legaci,1.0,0.5,2
alexandr,1.0,0.5,2
pirat,1.0,0.5,2
of,1.0,0.5,2
slacker,1.0,0.5,2
tax-fre,1.0,0.5,2
movi,1.0,0.5,2
deciph,1.0,0.5,2
emerg,1.0,0.5,2
katherin,1.0,0.5,2
surv,1.0,0.5,2
prattl,1.0,0.5,2
garazd,1.0,0.5,2
keynot,1.0,0.5,2
certifi,1.0,0.5,2
judg,1.0,0.5,2
marcela,1.0,0.5,2
kain,1.0,0.5,2
dynamit,1.0,0.5,2
fifth-grad,1.0,0.5,2
same-sex,1.0,0.5,2
majesti,1.0,0.5,2
mcin,1.0,0.5,2
nuisanc,1.0,0.5,2
ronni,1.0,0.5,2
pend,1.0,0.5,2
sojourn,1.0,0.5,2
school-leav,1.0,0.5,2
maquiladora,1.0,0.5,2
let,1.0,0.5,2
priorit,1.0,0.5,2
below,1.0,0.5,2
iri,1.0,0.5,2
rebalanc,1.0,0.5,2
duffi,1.0,0.5,2
counten,1.0,0.5,2
promissori,1.0,0.5,2
with,1.0,0.5,2
robbin,1.0,0.5,2
12-hour,1.0,0.5,2
scaveng,1.0,0.5,2
fuzzi,1.0,0.5,2
litmu,1.0,0.5,2
melvil,1.0,0.5,2
orvil,1.0,0.5,2
no,1.0,0.5,2
pariti,1.0,0.5,2
philippin,1.0,0.5,2
molass,1.0,0.5,2
lutheran,1.0,0.5,2
lifestyl,1.0,0.5,2
sambazon,1.0,0.5,2
mente,1.0,0.5,2
evapor,1.0,0.5,2
itali,1.0,0.5,2
marx,1.0,0.5,2
quinci,1.0,0.5,2
tackl,1.0,0.5,2
orlov,1.0,0.5,2
parenthes,1.0,0.5,2
swimmer,1.0,0.5,2
jackhamm,1.0,0.5,2
caucu,1.0,0.5,2
fairi,1.0,0.5,2
ynez,1.0,0.5,2
charlott,1.0,0.5,2
camouflag,1.0,0.5,2
impos,1.0,0.5,2
merwin,1.0,0.5,2
lowel,1.0,0.5,2
bradi,1.0,0.5,2
lauri,1.0,0.5,2
guidebook,1.0,0.5,2
alphons,1.0,0.5,2
danburi,1.0,0.5,2
claud,1.0,0.5,2
whi,1.0,0.5,2
accredit,1.0,0.5,2
undermin,1.0,0.5,2
meddl,1.0,0.5,2
trickl,1.0,0.5,2
carbon-neutr,1.0,0.5,2
resciss,1.0,0.5,2
don,1.0,0.5,2
ignor,1.0,0.5,2
constel,1.0,0.5,2
everi,1.0,0.5,2
barkley,1.0,0.5,2
plod,1.0,0.5,2
parkersburg,1.0,0.5,2
low-li,1.0,0.5,2
pikesvil,1.0,0.5,2
razorback,1.0,0.5,2
lehan,1.0,0.5,2
inde,1.0,0.5,2
seattl,1.0,0.5,2
marshalltown,1.0,0.5,2
omagh,1.0,0.5,2
treasur,1.0,0.5,2
rider,1.0,0.5,2
downsid,1.0,0.5,2
insensit,1.0,0.5,2
ari,1.0,0.5,2
beatl,1.0,0.5,2
childcar,1.0,0.5,2
irrespect,1.0,0.5,2
exercis,1.0,0.5,2
techster,1.0,0.5,2
schumann,1.0,0.5,2
foxi,1.0,0.5,2
jungl,1.0,0.5,2
suzi,1.0,0.5,2
appropri,1.0,0.5,2
iam,1.0,0.5,2
statu,1.0,0.5,2
randi,1.0,0.5,2
mylen,1.0,0.5,2
unnam,1.0,0.5,2
falsifi,1.0,0.5,2
442nd,1.0,0.5,2
dio,1.0,0.5,2
right-hand,1.0,0.5,2
joust,1.0,0.5,2
14.3,1.0,0.5,2
sommervil,1.0,0.5,2
happi,1.0,0.5,2
chic,1.0,0.5,2
did,1.0,0.5,2
ventur,1.0,0.5,2
narcot,1.0,0.5,2
octavio,1.0,0.5,2
inventur,1.0,0.5,2
barefac,1.0,0.5,2
steamrol,1.0,0.5,2
satisfi,1.0,0.5,2
next-gener,1.0,0.5,2
ambassadorship,1.0,0.5,2
6.2,1.0,0.5,2
prosecut,1.0,0.5,2
erad,1.0,0.5,2
story-tel,1.0,0.5,2
arkansa,1.0,0.5,2
rehoboth,1.0,0.5,2
matricul,1.0,0.5,2
pruett,1.0,0.5,2
kansa,1.0,0.5,2
graini,1.0,0.5,2
usn,1.0,0.5,2
durrett,1.0,0.5,2
sandia,1.0,0.5,2
fissil,1.0,0.5,2
tuskeege,1.0,0.5,2
setup,1.0,0.5,2
recolon,1.0,0.5,2
senat,1.0,0.5,2
summaris,1.0,0.5,2
tuscaloosa,1.0,0.5,2
roxann,1.0,0.5,2
crackpot,1.0,0.5,2
commenc,1.0,0.5,2
reliv,1.0,0.5,2
seri,1.0,0.5,2
bagel,1.0,0.5,2
teacher-train,1.0,0.5,2
big-nam,1.0,0.5,2
necklac,1.0,0.5,2
they,1.0,0.5,2
kissimme,1.0,0.5,2
cirru,1.0,0.5,2
ulcer,1.0,0.5,2
abort,1.0,0.5,2
opportun,1.0,0.5,2
quayl,1.0,0.5,2
jewel,1.0,0.5,2
son-in-law,1.0,0.5,2
ponc,1.0,0.5,2
bondag,1.0,0.5,2
conni,1.0,0.5,2
anthil,1.0,0.5,2
monstrou,1.0,0.5,2
overstrain,1.0,0.5,2
soundli,1.0,0.5,2
kimb,1.0,0.5,2
levit,1.0,0.5,2
anti-mor,1.0,0.5,2
tyrannu,1.0,0.5,2
teen-ag,1.0,0.5,2
thomson,1.0,0.5,2
soto,1.0,0.5,2
policymak,1.0,0.5,2
doctrin,1.0,0.5,2
vietnames,1.0,0.5,2
tubb,1.0,0.5,2
disarma,1.0,0.5,2
mani,1.0,0.5,2
breast-f,1.0,0.5,2
linkag,1.0,0.5,2
scarecrow,1.0,0.5,2
al-gore-rhythm,1.0,0.5,2
baggag,1.0,0.5,2
homeown,1.0,0.5,2
cologn,1.0,0.5,2
drizzl,1.0,0.5,2
nonbeliev,1.0,0.5,2
samuel,1.0,0.5,2
self-employ,1.0,0.5,2
irrespons,1.0,0.5,2
intrud,1.0,0.5,2
crumbl,1.0,0.5,2
subordin,1.0,0.5,2
estat,1.0,0.5,2
fairfax,1.0,0.5,2
format,1.0,0.5,2
coffin,1.0,0.5,2
cleverli,1.0,0.5,2
breastf,1.0,0.5,2
brahm,1.0,0.5,2
welcom,1.0,0.5,2
rendezv,1.0,0.5,2
perplex,1.0,0.5,2
marriag,1.0,0.5,2
holl,1.0,0.5,2
intermedi,1.0,0.5,2
extern,1.0,0.5,2
overdu,1.0,0.5,2
biltmor,1.0,0.5,2
okuma,1.0,0.5,2
airspac,1.0,0.5,2
halftim,1.0,0.5,2
upstair,1.0,0.5,2
them,1.0,0.5,2
forklift,1.0,0.5,2
drawbridg,1.0,0.5,2
were—frighten,1.0,0.5,2
incompet,1.0,0.5,2
waiv,1.0,0.5,2
clarif,1.0,0.5,2
bulletin,1.0,0.5,2
wildlif,1.0,0.5,2
roswel,1.0,0.5,2
militari,1.0,0.5,2
jenk,1.0,0.5,2
euro-communist,1.0,0.5,2
ex-marin,1.0,0.5,2
farri,1.0,0.5,2
reinsur,1.0,0.5,2
hal,1.0,0.5,2
well-hous,1.0,0.5,2
amnesti,1.0,0.5,2
footprint,1.0,0.5,2
hendon,1.0,0.5,2
y,1.0,0.5,2
o'har,1.0,0.5,2
self-suffici,1.0,0.5,2
inquiri,1.0,0.5,2
genom,1.0,0.5,2
possing,1.0,0.5,2
alley,1.0,0.5,2
prejud,1.0,0.5,2
autrey,1.0,0.5,2

